"Epic Number","Epic Title","Epic Goal","Story ID","Story Title","Story Description","Labels","GitHub Issue ID"
"1","Discovery & Analysis","Analyze requirements, competitors, and plan the project.","1.1","Competitor Feature Parity Analysis","As a product owner, I want to complete the competitor analysis to identify core features, weaknesses, and differentiation opportunities for Elite Tennis Ladder.","discovery",
"1","Discovery & Analysis","Analyze requirements, competitors, and plan the project.","1.2","Requirements Gathering","As a team, I want to gather and document functional/non-functional requirements based on competitor analysis and user needs.","discovery",
"1","Discovery & Analysis","Analyze requirements, competitors, and plan the project.","1.3","Tech Stack Evaluation","As a developer, I want to evaluate Flutter + Supabase for mobile-first, real-time tennis ladder features.","discovery",
"2","Design & UX","Create modern, mobile-first UI/UX designs.","2.1","Wireframe Design","As a designer, I want to design wireframes for key screens (login, ladder view, challenge creation, profile) optimized for mobile.","design",
"2","Design & UX","Create modern, mobile-first UI/UX designs.","2.2","UI Mockups","As a designer, I want to create high-fidelity mockups with dark mode, clean navigation, and ad-free experience.","design",
"2","Design & UX","Create modern, mobile-first UI/UX designs.","2.3","User Flow Mapping","As a UX specialist, I want to map user flows for challenge creation, score reporting, and ranking updates.","design",
"3","Project Setup","Initialize development environment and tools.","3.1","Flutter Project Initialization","As a developer, I want to set up the Flutter project with proper configuration for mobile and web builds.","setup",
"3","Project Setup","Initialize development environment and tools.","3.2","Supabase Project Setup","As a developer, I want to create and configure Supabase project with database schema for users, ladders, challenges, matches.","setup",
"3","Project Setup","Initialize development environment and tools.","3.3","Version Control & CI/CD","As a team, I want to set up GitHub repo, issues, and basic CI/CD for automated testing and builds.","setup",
"4","Authentication & User Management","Implement secure user auth and profiles.","4.1","Supabase Auth Integration","As a developer, I want to integrate Supabase auth for email/password signup, login, and password reset.","development",
"4","Authentication & User Management","Implement secure user auth and profiles.","4.2","User Profile Creation","As a developer, I want to create user profile screens with avatar, bio, and tennis stats.","development",
"4","Authentication & User Management","Implement secure user auth and profiles.","4.3","Role-Based Access","As a developer, I want to implement roles (player, admin) with appropriate permissions.","development",
"5","Ladder Management","Build core ladder creation and configuration.","5.1","Ladder Creation","As a developer, I want to allow admins to create ladders with settings (max players, rules, visibility).","development",
"5","Ladder Management","Build core ladder creation and configuration.","5.2","Ladder Joining","As a developer, I want users to browse and join public ladders or request access to private ones.","development",
"5","Ladder Management","Build core ladder creation and configuration.","5.3","Ladder Settings","As a developer, I want admins to edit ladder rules, scoring, and challenge constraints.","development",
"6","Challenge System","Implement position-based challenge mechanics.","6.1","Challenge Creation","As a developer, I want players to create challenges against higher-ranked players within allowed positions.","development",
"6","Challenge System","Implement position-based challenge mechanics.","6.2","Challenge Acceptance","As a developer, I want players to accept/reject challenges with notifications.","development",
"6","Challenge System","Implement position-based challenge mechanics.","6.3","Challenge Constraints","As a developer, I want to enforce rules like max concurrent challenges and position limits.","development",
"7","Ranking & Logic Algorithms","Automate ranking updates based on match results.","7.1","Ranking Algorithm Implementation","As a developer, I want to implement swap-based ranking logic that updates positions after matches.","development",
"7","Ranking & Logic Algorithms","Automate ranking updates based on match results.","7.2","Match Result Processing","As a developer, I want to process match results and update rankings in real-time.","development",
"7","Ranking & Logic Algorithms","Automate ranking updates based on match results.","7.3","Ranking Display","As a developer, I want to display current rankings with position changes and stats.","development",
"8","Score Reporting & Verification","Enable match reporting with verification.","8.1","Score Submission","As a developer, I want players to submit match scores with details (sets, games).","development",
"8","Score Reporting & Verification","Enable match reporting with verification.","8.2","Score Verification","As a developer, I want opponents to verify scores or dispute them.","development",
"8","Score Reporting & Verification","Enable match reporting with verification.","8.3","Dispute Resolution","As a developer, I want admins to resolve score disputes with evidence upload.","development",
"9","Player Profiles & Stats","Enhance profiles with stats and history.","9.1","Profile Enhancement","As a developer, I want to add detailed player profiles with win/loss records and achievements.","development",
"9","Player Profiles & Stats","Enhance profiles with stats and history.","9.2","Match History","As a developer, I want to display match history with opponents and results.","development",
"9","Player Profiles & Stats","Enhance profiles with stats and history.","9.3","Analytics Dashboard","As a developer, I want a dashboard with performance metrics and trends.","development",
"10","Notifications & Real-Time Updates","Add push notifications and live updates.","10.1","Push Notifications","As a developer, I want to send notifications for challenges, results, and ranking changes.","development",
"10","Notifications & Real-Time Updates","Add push notifications and live updates.","10.2","Real-Time Updates","As a developer, I want real-time updates for ladder changes using Supabase subscriptions.","development",
"11","Testing & QA","Ensure quality through comprehensive testing.","11.1","Unit Testing","As a developer, I want to write unit tests for core logic (ranking, challenges).","testing",
"11","Testing & QA","Ensure quality through comprehensive testing.","11.2","Integration Testing","As a developer, I want to test Supabase integration and user flows.","testing",
"11","Testing & QA","Ensure quality through comprehensive testing.","11.3","UI/UX Testing","As a tester, I want to validate mobile responsiveness and accessibility.","testing",
"12","Deployment & Launch","Deploy to app stores and web.","12.1","Mobile App Deployment","As a developer, I want to build and deploy to Google Play and App Store.","deployment",
"12","Deployment & Launch","Deploy to app stores and web.","12.2","Web Deployment","As a developer, I want to deploy the web version to GitHub Pages or Vercel.","deployment",
"12","Deployment & Launch","Deploy to app stores and web.","12.3","Post-Launch Monitoring","As a team, I want to monitor usage, feedback, and fix issues.","deployment"